"C1_r_bar","C1_delta_0","C1_delta_P","C1_delta_E","C1_delta_EP"
0.145554754269778,0.150051914179897,5.75635095145799e-11,-0.00449715991011568,-5.75661185386878e-11
0.145150675064294,0.148988547309057,-1.13505288501514e-10,-0.00383787224470242,1.13445391969336e-10
0.142003864150646,0.145647902679795,1.12970688359582e-10,-0.00364403852917841,-1.12942266650151e-10
0.143486641379653,0.147114510197701,-5.90686111134886e-11,-0.00362786881802007,5.90403004263607e-11
0.143283946171114,0.147218322967277,5.74874037262418e-11,-0.00393437679618197,-5.74683911569451e-11
0.14246507182448,0.146489152385764,0,-0.00402408056125364,-3.02813329966511e-14
0.1423487471305,0.146299294176187,0,-0.00395054704549083,-1.95760074817031e-13
0.142798122786041,0.146795343395102,0,-0.00399722060905908,-1.94289029309402e-15
0.141786476835535,0.145611170093092,-1.16446713382956e-10,-0.00382469325756393,1.16453041654196e-10
0.145494126657299,0.149795755068081,0,-0.00430162841074522,-3.67761376907083e-14
0.144507958162975,0.148335310313868,-1.76525433159824e-10,-0.00382735215089036,1.76522768624565e-10
0.14328434618205,0.147260611108609,1.68197178407326e-10,-0.00397626492655023,-1.68206004680371e-10
0.145000577172576,0.148764263934166,0,-0.00376368676161945,2.98927549380323e-14
0.142638197035277,0.14659909718102,1.12102216398569e-10,-0.00396090014575073,-1.12094944437757e-10
0.141369972720062,0.145466408281992,0,-0.0040964355619442,1.38222766565832e-14
0.142416062394728,0.146529770507599,-1.42355682797302e-10,-0.00411370811287984,1.4236486989283e-10
0.142263355942921,0.146074839669659,2.86490414724838e-10,-0.00381148372660775,-2.86620976952534e-10
0.144870975541175,0.149187606100992,3.40551781219389e-10,-0.0043166305598322,-3.40536931986435e-10
0.141222985996442,0.145195748638513,0,-0.00397276264211605,4.50472992241657e-14
0.143905023570468,0.147708877816701,-2.26833413163874e-10,-0.00380385424623705,2.26837104655431e-10
0.143834372200122,0.148096354066732,-1.05948139150769e-10,-0.00426198186669011,1.06027381319151e-10
0.144888858659695,0.148539566391482,-1.71049480135466e-10,-0.00365070773182177,1.71083841538078e-10
0.142443370194597,0.145837953472098,1.49231488277835e-10,-0.00339458327752731,-1.49205175992151e-10
0.145007089586166,0.148816265420193,0,-0.00380917583401941,-6.88338275267597e-15
0.143709596790913,0.14848800637867,0,-0.00477840958772022,-3.75255382323303e-14
0.144783708615851,0.149515039725949,0,-0.00473133111011517,1.68476343986868e-14
0.14177919201209,0.146329501316053,2.81324075146472e-10,-0.00455030930394942,-2.81338036201007e-10
0.143911924979312,0.148108289706813,3.52963075433976e-10,-0.00419636472748008,-3.52983697826659e-10
0.144430877815842,0.149055337739967,1.70729069770559e-10,-0.00462445992415644,-1.70697733725689e-10
0.143204337540933,0.14712219910408,0,-0.00391786156310145,-4.59354776438659e-14
0.145156279134483,0.149251325030373,2.26484525578385e-10,-0.00409504589591406,-2.26459989649541e-10
0.141782897975011,0.146121307182518,1.69508324043832e-10,-0.00433840920753439,-1.69480818268397e-10
0.145559024350141,0.149934397726814,2.22044604925031e-16,-0.00437537337663332,-4.01068067645838e-14
0.143113159595935,0.146982856622138,-4.44089209850063e-16,-0.00386969702609277,-1.09412479076809e-13
0.142707753515148,0.147264089239433,-1.40604666798438e-10,-0.00455633572439587,1.40715328278418e-10
0.14216061813171,0.146118924915413,5.98252558603463e-11,-0.00395830678368969,-5.98390503814272e-11
0.140416603558086,0.144674619162756,-2.52190185401346e-10,-0.00425801560466238,2.5218224730672e-10
0.143547854162151,0.147604633495351,1.31700206296159e-13,-0.00405677933321399,-1.1785017406396e-13
0.143139415445992,0.147559912623713,-3.41742162346392e-10,-0.00442049717771703,3.41738748410592e-10
0.142686699245273,0.147164820656736,2.83948420332081e-11,-0.00447812141149942,-2.83583712068491e-11
0.143607830682388,0.147947708320207,-3.96564364679719e-10,-0.00433987763778421,3.9652922612099e-10
0.145611526891317,0.150093152867675,1.13705267423825e-10,-0.00448162597631943,-1.13743847673931e-10
0.146100328423668,0.150102457318388,-1.17506504526688e-10,-0.00400212889476101,1.17548304423565e-10
0.142218550054778,0.146572568420539,-2.81252132694476e-10,-0.00435401836573052,2.81221518294572e-10
0.142827210859832,0.147370224611238,-2.23436713575609e-10,-0.0045430137522767,2.24307961094183e-10
0.14358924866222,0.147720551676895,-2.36412028842281e-10,-0.00413130301465522,2.36391822783233e-10
0.141458558701489,0.146140530722101,1.94289029309402e-16,-0.00468197202057583,-3.65540930857833e-14
0.142881824980265,0.147111942042625,-2.4980018054066e-16,-0.00423011706236226,2.85882428840978e-15
0.144590303102552,0.148686504855787,0,-0.0040962017532323,-1.9151347174784e-15
0.142517186402396,0.146646854355746,0,-0.00412966795336522,1.58484336765241e-14
0.143151940603049,0.147287039277464,5.00133684466775e-10,-0.00413509867440204,-5.00146368764831e-10
0.144363777836765,0.148317870575194,5.67521862837594e-11,-0.00395409273912273,-5.60589075160323e-11
0.142630120276865,0.146455575535445,-5.15061576722431e-10,-0.00382545525854494,5.15027187564243e-10
0.144208382514887,0.148359235220048,0,-0.00415085270512625,-3.49442697000768e-14
0.145789353960931,0.149749171835971,4.01968347496506e-10,-0.00395981787500746,-4.02001265609186e-10
0.142910038659388,0.147454775214235,-5.74542080578055e-11,-0.0045447365548926,5.75003100689031e-11
0.142321465705054,0.146037218685296,-1.14479037360837e-10,-0.00371575298027041,1.14507542336995e-10
0.143117393403565,0.147421912779703,-1.43188932932858e-10,-0.00430451937618215,1.43232203875243e-10
0.143910392095381,0.147922159780197,5.85684001297437e-11,-0.00401176768479239,-5.85926585028318e-11
0.144513493712774,0.148333945861117,-1.12550468944761e-10,-0.00382045214836041,1.12567594134916e-10
0.14316074466626,0.147157319900155,2.88427171035721e-10,-0.00399657523393546,-2.88386953206654e-10
0.14423265650494,0.148399647131971,-5.74020553312238e-11,-0.00416699062688278,5.72538960685876e-11
0.144713659150526,0.149070156536138,-4.24077439831194e-13,-0.00435649738560204,4.14723810848727e-13
0.143717253745405,0.147465094494748,-1.10601888758666e-10,-0.00374784074928874,1.10547931919669e-10
0.142879237329061,0.14716882116076,-2.22338980560011e-10,-0.00428958383167433,2.22314860964801e-10
0.14362940112889,0.147734430799955,1.13217962782741e-10,-0.00410502967107726,-1.13205222973534e-10
0.141680197692283,0.145629528188258,5.24282284253275e-11,-0.00394933049595991,-5.24426890802232e-11
0.141981887819174,0.146602398598827,2.2793736342841e-10,-0.00462051077961312,-2.27976637567906e-10
0.14129487393004,0.145363068196872,2.23654428310738e-13,-0.00406819426685792,-1.97564187232047e-13
0.145805351427891,0.149700828686747,-1.18322018849426e-13,-0.00389547725885658,1.19709797630208e-13
0.139406327538951,0.143351901373447,-5.7874510739353e-11,-0.00394557383447405,5.7851834434075e-11
0.139678036518089,0.144366592185598,2.16180212619932e-10,-0.00468855566759493,-2.16094503402431e-10
0.14353212451123,0.1472939322118,1.12906045623973e-10,-0.00376180770055076,-1.12925613304782e-10
0.145281407891465,0.149425935193674,5.81168169144775e-11,-0.00414452730222828,-5.80973047448197e-11
0.143709080313314,0.1471812505569,3.35668798312483e-10,-0.00347217024358756,-3.35666605622009e-10
0.144630247063434,0.148552744709878,-1.1466513849534e-10,-0.00392249764645256,1.14673714968205e-10
0.141688870729441,0.14533780334164,-1.12397008367182e-10,-0.00364893261216642,1.12364423321409e-10
0.143998416317835,0.148073330215807,2.88306795104276e-10,-0.00407491389799558,-2.8828239795331e-10
0.145926205582021,0.1501302938052,5.74646996653883e-11,-0.00420408822316726,-5.74766068073274e-11
0.142755628512288,0.146283834862379,-1.87231619097616e-11,-0.00352820635008755,1.87205806412294e-11
0.143472017867895,0.146972880259645,0,-0.00350086239166134,-8.87345752431656e-14
0.14146575027891,0.145418104516602,5.5752180649904e-11,-0.00395235423769424,-5.57494050923424e-11
0.145139667623357,0.149132487185791,2.25930385511219e-13,-0.00399281956244055,-2.19713136573318e-13
0.140069430783761,0.144484899635384,8.32667268468867e-17,-0.00441546885167568,5.32074384551606e-14
0.140562775841229,0.144639436509896,-1.62365398903574e-10,-0.00407666066864598,1.62344332421682e-10
0.145313751694254,0.149350071496952,0,-0.00403631980280886,1.10134124042816e-13
0.142797073851878,0.146991994684796,1.7012341535505e-10,-0.0041949208329137,-1.70128328091934e-10
0.143103473295583,0.147285411257653,2.48032150373945e-11,-0.00418193796210398,-2.47692422128409e-11
0.1447075646466,0.148581475075818,1.07483771882855e-10,-0.00387391042922319,-1.07479192212878e-10
0.14532677614398,0.14978291893507,0,-0.00445614279100567,-8.42659275690494e-14
0.142749543352679,0.146933822189952,0,-0.00418427883731043,3.7247982476174e-14
0.144356132376438,0.148593198479514,1.15402604139447e-10,-0.00423706610303437,-1.15443848924812e-10
0.145614619230556,0.149273941523073,0,-0.00365932229249102,-2.5729418595688e-14
0.144188103523533,0.148555690703001,0,-0.00436758717945721,-1.04083408558608e-14
0.145209510847529,0.148573908452752,-5.94000126863392e-11,-0.00336439760525925,5.94363724903957e-11
0.144526076391468,0.148976298948583,0,-0.00445022255712416,9.0205620750794e-15
0.144287238327826,0.148892459670884,-6.47575437717762e-10,-0.0046052213430644,6.47582015789183e-10
0.142646545003127,0.146742749414956,0,-0.00409620441174252,-8.64031068914528e-14
0.143975183926978,0.148265651609021,5.66838243010181e-11,-0.00429046768204625,-5.66805213875199e-11
0.144196380273571,0.148759690789064,9.24815779512755e-14,-0.00456331051550737,-7.78543896018391e-14
0.14665745194715,0.151071209471705,5.83070258741714e-11,-0.0044137575248103,-5.80522296900199e-11
0.141924159995258,0.145463897300115,3.52172735418321e-11,-0.00353973730463283,-3.54407336811136e-11
0.143343240282564,0.146765690799744,-1.10620484994328e-10,-0.00342245051718734,1.10627507154959e-10
0.14448775613144,0.148599559527403,-1.70431946333593e-10,-0.00411180339596837,1.70437525204292e-10
0.143819346099045,0.14808425461883,0,-0.00426490851986061,7.54396545232794e-14
0.140751754872253,0.144711904015305,0,-0.00396014914294288,-1.09245945623115e-13
0.142225705431459,0.146637849850139,9.31725807618022e-11,-0.00441214441869428,-9.31583143959358e-11
0.141092687810132,0.144713358578551,2.06053313300814e-10,-0.00362067076814471,-2.06327482876745e-10
0.142967568228661,0.146982733646321,-2.84734458233515e-11,-0.00401516541760255,2.8416435871037e-11
0.14060486087671,0.144640755958628,-1.11583825512795e-10,-0.00403589508200292,1.11668924107633e-10
0.142453600612513,0.146631761929743,-3.98202554263705e-10,-0.00417816131726709,3.98239441423698e-10
0.145728226530006,0.149794513764552,0,-0.00406628723450581,-3.97459842815806e-14
0.146870935413376,0.150954314611653,-4.07698153015446e-10,-0.00408337919830129,4.07722355877382e-10
0.146204298162342,0.150602183651212,0,-0.00439788548888051,1.01585406753202e-14
0.141829996035239,0.145679289895976,-1.10812220510681e-10,-0.00384929386073324,1.10808084929914e-10
0.142949168413418,0.146739395158488,-1.16577913988891e-10,-0.00379022674501603,1.16523957149894e-10
0.141462729462374,0.145400151813087,0,-0.00393742235070071,-1.26565424807268e-14
0.143089819927341,0.147410842553517,0,-0.00432102262591094,-2.65149013856103e-13
0.142472604989198,0.146189750883732,3.43674033675967e-10,-0.00371714589440325,-3.43804595903663e-10
0.144559310756397,0.148768398117751,0,-0.00420908736128053,-7.32469640496447e-14
0.144250962978082,0.148028563391332,0,-0.00377760041322203,-2.74780198594726e-14
0.14367201064732,0.147605202264204,-8.4844214987001e-11,-0.00393319161687486,8.48348336024429e-11
0.140868932736106,0.14438415654783,-2.23957047351675e-10,-0.00351522381169062,2.23922963504819e-10
0.143596737122286,0.148012933237475,-1.69830677299032e-10,-0.00441619611518299,1.69825431495241e-10
0.141219732335741,0.145453898799538,1.67003022522039e-10,-0.00423416646381397,-1.66986535710123e-10
0.144098013764255,0.148637464379845,-5.67752789226716e-11,-0.00453945061556979,5.67545732632624e-11
0.143741801930858,0.147921929985739,-1.1353532003433e-10,-0.00418012805484322,1.13497461429191e-10
0.140071522167253,0.144254156838557,5.52992651670081e-11,-0.0041826346705123,-5.60909652058683e-11
0.141852221640517,0.146197139098024,1.0725431653924e-10,-0.00434491745749674,-1.07264169768584e-10
0.144905649156989,0.148720737051252,3.4291947059728e-10,-0.00381508789427057,-3.42911199435747e-10
0.142659200741834,0.146574948026289,-3.33532146346016e-10,-0.0039157472844619,3.33539501573554e-10
0.141770338559123,0.145710335256387,-5.47603073997038e-11,-0.00393999669701256,5.45095635295922e-11
0.144486951635681,0.148636976915766,2.13551398786649e-13,-0.00415002528004815,-2.50272025326126e-13
0.144126937581547,0.148474220715936,1.47411693962596e-10,-0.00434728313440641,-1.47394596528017e-10
0.145029087662693,0.149076203802656,2.45737319382044e-11,-0.00404711613996658,-2.45697073797402e-11
0.143320001770001,0.146978260144619,-1.6526369162051e-10,-0.00365825837460393,1.65248731365253e-10
0.143595790963292,0.147638076172647,0,-0.00404228520932126,-3.35287353436797e-14
0.143481874951992,0.147942892563727,-2.17409423797221e-13,-0.00446101761170761,1.90458759874446e-13
0.143226042703353,0.14723715881804,2.297256829209e-10,-0.00401111611468452,-2.29728208678281e-10
0.141669285213042,0.145951048881636,0,-0.00428176366840446,-1.89848137210902e-13
0.143113624151024,0.147283868325271,-1.72937802966899e-10,-0.00417024417426298,1.72954206512088e-10
0.141589445477077,0.145276499129199,1.11599007812657e-10,-0.00368705365213906,-1.11581854866927e-10
0.144473318471815,0.148652780541375,-1.6994736173892e-10,-0.0041794620694614,1.69848801689909e-10
0.142081012662301,0.146059721640537,5.49845169395269e-11,-0.00397870897825503,-5.49647272141129e-11
0.143099043889801,0.147124767022254,0,-0.00402572313242675,-2.61457522299224e-14
0.144666945589082,0.148844531332477,2.88562285177818e-10,-0.00417758574339322,-2.88564033779082e-10
0.143703885411811,0.147846447613293,5.83266074327682e-10,-0.00414256220146828,-5.83279674559734e-10
0.142648937454142,0.146735298973457,2.18911277993783e-10,-0.00408636151933586,-2.18890072734013e-10
0.1459002994554,0.15048772259743,2.57311727480669e-10,-0.00458742314193986,-2.57401822079117e-10
0.144348140560032,0.148787938714819,-3.45063033702075e-10,-0.00443979815478579,3.45062145523656e-10
0.141788511713344,0.145462430515856,-4.21190859967169e-13,-0.00367391880249879,4.08728606515751e-13
0.144981419198351,0.149179299371841,0,-0.00419788017335626,-1.33559829862406e-13
0.143814921698176,0.147989598276901,-1.69812747197184e-10,-0.00417467657872025,1.69808361816237e-10
0.143536896037628,0.147837857656008,-1.72827474553827e-10,-0.00430096161835675,1.72803854558978e-10
0.14378989223159,0.148469205042072,-5.56171220189583e-11,-0.00467931281040665,5.55411827640739e-11
0.143081265627144,0.147038398717786,1.69380509618122e-10,-0.00395713309063775,-1.69384117842952e-10
0.143320520821696,0.147386012607952,-4.35901315043452e-13,-0.00406549178627058,4.50250947636732e-13
0.145886159483432,0.149359035275943,-6.20116180627406e-11,-0.00347287579234271,6.18439466304466e-11
0.143053175950602,0.14793483056101,3.44329953438915e-10,-0.00488165461025,-3.44488437775681e-10
0.142695909962341,0.14691675868595,0,-0.00422084872361445,6.07847105982273e-15
0.145991036679175,0.150183954688163,-5.71444835895107e-11,-0.00419291800899169,5.71487301925799e-11
0.140976279834774,0.14460242687039,-1.67572455911369e-10,-0.00362614703559735,1.67554220498189e-10
0.142765864836888,0.147483634532297,1.70890357420461e-10,-0.00471776969536108,-1.70938069254944e-10
0.143878545865125,0.147924486966459,0,-0.00404594110136966,3.51108031537706e-14
0.14677427140743,0.150850062618707,-1.45475687052254e-10,-0.00407579121125884,1.45457340616773e-10
0.143102495855203,0.147105228705735,-2.31308611153835e-10,-0.00400273285055261,2.3132890047961e-10
0.143558478868205,0.147733954723987,-2.20539003725762e-10,-0.00417547585574707,2.20503698633578e-10
0.144182167999722,0.148697949698205,0,-0.00451578169846917,-1.34059430223488e-14
0.143572804938281,0.147479364748952,-1.13532377943315e-10,-0.00390655981065247,1.13513531907472e-10
0.142167319310345,0.146125107511574,-1.07948733285568e-10,-0.00395778820121911,1.0793846372259e-10
0.142177418133232,0.146395230239037,-1.14296239139833e-10,-0.00421781210582503,1.14316139887549e-10
0.142675707441925,0.146460929848004,-2.81663220524919e-10,-0.00378522240613419,2.81718093297911e-10
0.144563336714684,0.148852216351428,0,-0.00428887963673402,-9.24260668000443e-15
0.1449947374316,0.148741127548904,0,-0.00374639011730191,-2.692290834716e-15
0.144473699234757,0.147934427696472,-3.30795890679525e-10,-0.00346072846167625,3.30756921851361e-10
0.140900217609153,0.14528503791163,-1.66369890086671e-10,-0.00438482030250756,1.66400587753301e-10
0.143765920309717,0.147749828744705,8.15046641289285e-11,-0.00398390843500288,-8.14897871403986e-11
0.142040446202131,0.146133253100463,0,-0.0040928068983267,-5.24580379135386e-15
0.145494603737347,0.149686784727033,5.93036730833774e-11,-0.00419218098970536,-5.92845494917782e-11
0.142645455828537,0.146876178627345,1.70747693761797e-10,-0.00423072279879497,-1.70761182971546e-10
0.145025939298092,0.149094068363679,-2.61070970397626e-10,-0.00406812906560008,2.61083626940106e-10
0.141901545329987,0.146266999403626,2.24798402115312e-10,-0.00436545407358516,-2.24852775287943e-10
0.142460998567861,0.146561432898964,-5.70301028623987e-11,-0.00410043433110294,5.70302138847012e-11
0.144765449762185,0.148900650438501,0,-0.00413520067630144,-1.4960255256824e-14
0.142026587046878,0.145755724645616,-4.40683073366088e-10,-0.00372913759867755,4.40622871522578e-10
0.142255729528563,0.146268121957037,1.62799523861779e-10,-0.00401239242849452,-1.62778374113159e-10
0.144189449879646,0.148256510077557,0,-0.0040670601979369,2.58959520493818e-14
0.14196194659504,0.146064615509593,-5.5803084375583e-11,-0.00410266891458785,5.58377788451025e-11
0.142777895920488,0.146541971960378,0,-0.0037640760398156,-7.48012762841199e-14
0.144496818578883,0.148297727700775,2.89839457989771e-10,-0.0038009091218828,-2.89848811618754e-10
0.144047181750426,0.148242817827503,2.80321876822143e-10,-0.0041956360769734,-2.80424988785555e-10
0.143131993291444,0.147361563340262,-1.71192809927945e-10,-0.00422957004876423,1.71138381244162e-10
0.145493804291301,0.149577775982201,0,-0.00408397169083893,-6.18671780472368e-14
0.142633274212557,0.146919866278081,0,-0.00428659206554291,1.93456362040934e-14
0.142667131829639,0.14670437677006,2.82222190062242e-10,-0.00403724494040023,-2.82242285098988e-10
0.146379239689114,0.150992742135373,-1.17333975868661e-10,-0.00461350244625761,1.17332060733943e-10
0.142394585228835,0.146611566785367,-5.52154988398001e-11,-0.00421698155651207,5.51956258476594e-11
0.141392386170354,0.145911480672622,1.10667197628089e-10,-0.00451909450227964,-1.10655623553058e-10
0.143705825448943,0.147488037213103,1.1541284594685e-10,-0.00378221176433885,-1.15233905750856e-10
0.142721289809655,0.147103876247817,-2.2784202302617e-10,-0.00438258643817546,2.27856067347432e-10
0.141277451430425,0.145411148549474,0,-0.00413369711905084,1.74860126378462e-15
0.143386256556096,0.146888224690752,0,-0.00350196813460388,-5.24857934891543e-14
0.142499951747159,0.146199167266737,0,-0.00369921551962088,4.26880752968373e-14
0.141248832256712,0.145250463088367,-7.36960770186812e-10,-0.00400163083164984,7.3695527458284e-10
0.142979816148022,0.147082941999596,1.12632764226461e-10,-0.00410312585160852,-1.12597542401005e-10
0.14067016587694,0.144381491540387,1.66466923579023e-10,-0.00371132566347374,-1.66440583537764e-10
0.142011940950702,0.146011958326041,5.53551371407224e-11,-0.00400001737518563,-5.5508680985028e-11
0.143155455596136,0.14728013193538,-3.82943676768832e-13,-0.00412467633926419,4.03760358480554e-13
0.143387421646398,0.147726195194352,2.81488610198721e-10,-0.00433877354797343,-2.8147006947421e-10
0.146086639568045,0.150128714910514,-5.72360214778911e-11,-0.0040420753424984,5.72649427876826e-11
0.142845435115294,0.14704816046474,-5.59627066909485e-11,-0.00420272534931049,5.58271207040661e-11
0.143563418109952,0.147822009371773,0,-0.00425859126193082,1.09828812711044e-13
0.14369789920913,0.147838138147056,0,-0.00414023893800888,8.3100193393193e-14
0.142280431193824,0.14666392536865,-2.18991491607312e-13,-0.00438349417479664,1.89570581454745e-13
0.142738959101048,0.146713879798853,2.28118024470092e-10,-0.00397492069781297,-2.28109392486076e-10
0.145019908449851,0.149582149310618,0,-0.00456224086060891,-1.58012491979775e-13
0.140100675949979,0.144319824482708,2.22044604925031e-16,-0.00421914853276237,3.31956684362922e-14
0.143083301738504,0.147569156347072,5.58685597784603e-11,-0.0044858546084845,-5.59521318166389e-11
0.144812394428157,0.148992660507624,-2.1957435869524e-13,-0.00418026607947269,2.25375273998907e-13
0.141146377112518,0.14505981768851,-1.74413344877777e-10,-0.00391344057595405,1.74374986672277e-10
0.143468892878339,0.147034774835564,2.19102513909775e-13,-0.00356588195726384,-1.79800618838044e-13
0.142697814515683,0.146405970638219,-5.71044878050486e-11,-0.00370815612249795,5.70664904220308e-11
0.143891290215419,0.147871503325984,-1.14454307142964e-10,-0.00398021311012942,1.14017989494286e-10
0.141761220680854,0.145662897092617,-5.57634494136039e-11,-0.00390167641176009,5.57607293671936e-11
0.144291040510542,0.148213421986527,0,-0.00392238147630938,3.24434923371086e-13
0.143516774784098,0.14749406965253,-1.7525991768963e-10,-0.00397729486845858,1.75287007131431e-10
0.143286032627212,0.147124279383495,-4.9960036108132e-16,-0.00383824675625652,-2.55351295663786e-14
0.143661126192286,0.147581427747098,-5.62498658762678e-11,-0.00392030155482642,5.62642987755879e-11
0.146242070644877,0.150574667649938,5.77902725673596e-11,-0.00433259700506342,-5.77884962105202e-11
0.143921615445247,0.148180306449293,-3.32452593232446e-10,-0.00425869100394985,3.32355948318153e-10
0.142576998492124,0.147051445444184,0,-0.00447444695208282,2.27318164292001e-14
0.13804830665544,0.142749638120668,1.07442055252704e-10,-0.00470133146523438,-1.07435421670132e-10
0.146298596700919,0.149790603389522,-2.18108753280433e-10,-0.00349200668852775,2.1803356342609e-10
0.142247729066808,0.146340835127257,3.46924489136313e-10,-0.00409310606044588,-3.46927320205026e-10
0.141026645031877,0.145540533336925,-2.78202599846011e-10,-0.0045138883049036,2.78058104319356e-10
0.144639538969812,0.148825727776288,5.75409997427556e-11,-0.00418618880651128,-5.75057224061482e-11
0.146629019478488,0.150473302046121,0,-0.00384428256756394,-6.92779167366098e-14
0.140126023248181,0.143981494355419,-1.47718365317573e-10,-0.00385547110737999,1.47860834687208e-10
0.142705422374018,0.146745955879953,0,-0.00404053350593972,4.82947015711943e-15
0.143910522415768,0.14817304343385,1.11729375751324e-10,-0.00426252101815375,-1.11657821877387e-10
0.139212536590961,0.142941858770738,3.72847308582891e-11,-0.00372932217970565,-3.7355646353987e-11
0.14264720426225,0.146881821229957,-2.16434231647966e-10,-0.00423461696772065,2.16448109435774e-10
0.144916020505906,0.149902495605803,-4.59723786816468e-10,-0.00498647509988176,4.59708826561211e-10
0.145508432524715,0.15013029530133,-5.82472681198709e-11,-0.00462186277648532,5.81170944702336e-11
0.139681825555462,0.143909025416084,-2.73457256838583e-10,-0.00422719986065431,2.73489758617629e-10
0.142602435909427,0.14659035486583,1.11943898595257e-10,-0.00398791895639958,-1.1194717375318e-10
0.142636037442246,0.146724152874727,-5.46544198787302e-11,-0.00408811543242449,5.45975764598694e-11
0.143417825876744,0.147606760197064,8.3063000921868e-12,-0.00418893432031089,-8.31565372116927e-12
0.141897962923345,0.146514510743271,0,-0.00461654781995846,3.25295346215171e-14
0.142863381359758,0.147171168220387,4.7313458706455e-11,-0.00430778686058736,-4.73550088031516e-11
0.142150849319843,0.146315100071616,1.11974318706132e-10,-0.00416425075179094,-1.11956721671191e-10
0.142329632095955,0.146484886186792,1.13415221658641e-10,-0.0041552540908297,-1.13421966263516e-10
0.141722272184691,0.145503608089741,0,-0.00378133590499732,-5.28743715477731e-14
0.145126020121755,0.149087363275268,5.75704484084838e-11,-0.00396134315349606,-5.75878789099704e-11
0.141994396638976,0.145458537986538,1.7084453296512e-10,-0.00346414134750017,-1.70905956053957e-10
0.142102432331815,0.145967234537181,-5.63177948720295e-10,-0.00386480220538712,5.6319893193546e-10
0.143704237078538,0.147930393687797,-5.77612679908412e-11,-0.00422615660916414,5.76668712781725e-11
0.143363229430216,0.146817528340159,-5.64509827771786e-11,-0.00345429890996429,5.64724100815539e-11
0.143206246578177,0.14738861436672,1.28707433599828e-10,-0.00418236778853834,-1.28712263069986e-10
0.144200741826578,0.148224092469481,-2.22044604925031e-16,-0.00402335064292056,1.76803016671556e-14
0.144871837584855,0.149407193149428,1.16069237554584e-10,-0.00453535556459531,-1.16046949827364e-10
0.142256394209506,0.146363090623518,1.09694420213913e-10,-0.00410669641394965,-1.09756703725594e-10
0.141804107322862,0.145466038112648,1.94289029309402e-16,-0.00366193078977997,-6.21724893790088e-15
0.141719652106314,0.145551694447792,0,-0.00383204234148649,8.18789480661053e-15
0.144829675720641,0.148355656494273,3.10050457530409e-10,-0.00352598077363531,-3.1004690481673e-10
0.143302860094763,0.146906403996992,0,-0.00360354390221185,-1.73194791841524e-14
0.144185711764982,0.148017295776233,5.64133462166438e-11,-0.00383158401144407,-5.62199176101785e-11
0.141674389146948,0.145559838282492,-2.27409729935957e-10,-0.00388544913554537,2.27411062203586e-10
0.142159061476534,0.145794867389415,0,-0.00363580591249771,-3.83304499251835e-13
0.146777652872624,0.15066016248815,-5.24609522489783e-10,-0.00388250961550918,5.24593368744775e-10
0.144315021170594,0.14833968133317,-2.26023366689532e-11,-0.00402466016260836,2.26340335363062e-11
0.142409868768396,0.146611297351597,5.68040059434338e-11,-0.00420142858314279,-5.68615710072606e-11
0.142232198310702,0.146350712743242,-7.81199827049051e-11,-0.00411851443253913,7.81192888155147e-11
0.141019499349031,0.144599532889783,1.128171167597e-10,-0.00358003353990308,-1.13666381862387e-10
0.142365039928334,0.14650177208808,5.70762326290719e-11,-0.00413673215975427,-5.70676561562067e-11
0.145604214771489,0.149549365103728,-2.13177531183106e-11,-0.00394515033228005,2.13583040142851e-11
0.143653774834199,0.147315486524387,-1.71069769461241e-10,-0.00366171169026649,1.71148623051565e-10
0.140535329638719,0.144868626960986,-2.69394645480148e-10,-0.00433329732223892,2.69366307037444e-10
0.140189757650457,0.144144154916465,-2.26895890964585e-10,-0.0039543972660355,2.26923480006747e-10
0.142667990869556,0.147039830720628,-5.81956149936502e-11,-0.00437183985109438,5.82182635433526e-11
0.142663465010648,0.146790776501485,5.55767654120132e-11,-0.0041273114908448,-5.5568549761631e-11
0.140635055658944,0.144321311630577,2.18491891246231e-13,-0.00368625597165217,-1.98785432559134e-13
0.144848757029145,0.148369158930295,-1.1420592249678e-10,-0.00352040190110489,1.14160986219858e-10
0.14361128966657,0.147985922794135,1.12768655524675e-10,-0.00437463312739772,-1.12936687779452e-10
0.14004765699181,0.144331164246899,-1.09764919375976e-10,-0.00428350725500692,1.09683373494818e-10
0.144582685215786,0.148426399533678,0,-0.00384371431791095,1.85684800868557e-14
0.141983618382263,0.145724718071166,-1.69747021994127e-10,-0.00374109968887329,1.6971699046131e-10
0.14279448512778,0.146725736051635,-5.58782464743501e-11,-0.00393125092381535,5.58386392679466e-11
0.143814606855447,0.147951261357601,-5.78509185000797e-11,-0.00413665450218872,5.78855852140236e-11
0.143216020520315,0.146928686479352,1.10100567551896e-10,-0.00371266595904904,-1.10088466120928e-10
0.143797261091961,0.147757013124634,2.27082241899268e-10,-0.00395975203267149,-2.27083102322112e-10
0.143326848515322,0.147021356479452,-2.01549055223182e-10,-0.00369450796415333,2.01572647462456e-10
0.142827935176178,0.146872475932166,-5.39946976019223e-11,-0.00404454075597779,5.39839561941591e-11
0.144366880062558,0.148835831969784,0,-0.00446895190721805,-7.99360577730113e-15
0.142357737006336,0.146553664207851,0,-0.00419592720151815,3.46944695195361e-15
0.141572005774575,0.145721138473184,0,-0.00414913269867162,6.23667784083182e-14
0.142321878761069,0.146186212749733,-1.16238213498931e-10,-0.00386433398847294,1.16047199627545e-10
0.142406906663884,0.146594265803164,1.15103093722979e-10,-0.00418735913928422,-1.15099235697969e-10
0.142718745295525,0.146614193717531,-3.29433591517159e-10,-0.00389544842199971,3.29427457534948e-10
0.142815617890615,0.147046554923446,-1.68531966160401e-10,-0.00423093703273125,1.68432351399517e-10
0.145490767205728,0.148914277431288,2.9506699861237e-10,-0.0034235102255675,-2.95059671140407e-10
0.144687373067797,0.148826509464265,2.15799600411515e-13,-0.00413913639675553,7.24420523567915e-14
0.144278616237678,0.148486641764232,6.29890140046996e-10,-0.0042080255265661,-6.2987839943851e-10
0.140436433839245,0.144510387423478,-1.76032632914769e-10,-0.00407395358427662,1.7607618141291e-10
0.13873157897465,0.142857221582977,2.94860996730151e-10,-0.00412564260830103,-2.94886615126444e-10
0.140532419381071,0.144577474308122,-2.04444267071224e-10,-0.00404505492703416,2.04427336170099e-10
0.141941095519601,0.146446229285772,-1.76756859149307e-10,-0.00450513376616346,1.76749087588135e-10
0.143183680992839,0.147259704053268,-1.65292751708179e-10,-0.00407602306045182,1.65315622302487e-10
0.146571174235747,0.151392091557477,0,-0.00482091732173875,9.10382880192628e-15
0.142764266941037,0.146915292096032,2.1732257660112e-10,-0.00415102515500182,-2.1731624832988e-10
0.143193982453976,0.147404684847584,0,-0.00421070239370966,1.01918473660589e-13
0.143719005457149,0.147980143253839,5.87608572910625e-11,-0.00426113779670606,-5.87452309019909e-11
0.140737678701682,0.144994452412755,0,-0.00425677371107192,-6.93889390390723e-16
0.140463373735051,0.144918857258544,5.60636814750382e-11,-0.00445548352353117,-5.60259338922009e-11
0.143157053371549,0.147635980017197,-5.55111512312578e-16,-0.00447892664563787,-8.93729534823251e-15
0.141968126546545,0.146036840169395,-2.15300000050433e-13,-0.00406871362288386,2.4980018054066e-13
0.145084567674515,0.148869201585059,5.7428756194966e-11,-0.00378463391053815,-5.74349179327527e-11
0.141376412583703,0.144970362589009,-8.66658966813816e-11,-0.00359395000525722,8.66171856461762e-11
0.144425304841915,0.149035957144474,-2.89832796651623e-10,-0.00461065230257662,2.89850060619656e-10
0.144381394886612,0.148476962193239,-2.22044604925031e-16,-0.00409556730664576,1.86795023893183e-14
0.144164209875319,0.148408347293964,-2.20608808998435e-10,-0.00424413741864199,2.20605617107239e-10
0.141987972385959,0.146361418137656,-1.11863129870216e-10,-0.00437344575189952,1.12065634549907e-10
0.145670089605006,0.150066152058534,-4.02791050513329e-10,-0.00439606245349966,4.02762656559474e-10
0.140982253786061,0.1446141517792,-3.04209241130948e-10,-0.00363189799320271,3.04273189977167e-10
0.141106857719934,0.144966619226967,-2.23026791479342e-10,-0.00385976150705877,2.23052104564303e-10
0.142301674401099,0.146492880181298,-4.44089209850063e-16,-0.00419120578017368,-2.48412401759879e-14
0.146857038425734,0.150450871920102,4.40064651385796e-13,-0.00359383349443848,-3.69954067380718e-13
0.145805350974272,0.149965160451068,-1.11022302462516e-16,-0.00415980947672798,-6.79456491070596e-14
0.143017200062785,0.14754212993172,2.21995893889826e-10,-0.00452492986894004,-2.21990287263552e-10
0.142525192173391,0.146533589876786,-1.94289029309402e-16,-0.00400839770339867,4.55191440096314e-15
0.144325782604901,0.148226869723119,1.18515419700316e-10,-0.00390108711828493,-1.18448889585565e-10
0.144151478606055,0.148166047264852,-3.39742178834257e-10,-0.00401456865881911,3.39763772672086e-10
0.142029943986019,0.146114509448588,2.83151085911371e-10,-0.00408456546284017,-2.8288077436045e-10
0.141104827249103,0.145148529984265,-2.8021762688013e-10,-0.00404370273516455,2.80219292214667e-10
0.144201937778845,0.148041135660048,0,-0.00383919788120451,1.41553435639707e-15
0.141804036902281,0.145773466389219,-1.10013137488707e-10,-0.00396942948684867,1.09923570246195e-10
0.142483125733777,0.146911611653168,1.16593373844509e-10,-0.00442848591936174,-1.16621878820666e-10
0.143330886944272,0.147470617181895,5.6853383112454e-11,-0.00413973023782366,-5.6653071123236e-11
0.144223036826571,0.148391148976198,-5.91077464751066e-11,-0.00416811214950505,5.89855664312466e-11
0.142722075847086,0.146381617700533,-1.14594528310974e-10,-0.00365954185343831,1.14586645727499e-10
0.145181721644352,0.148877057317556,2.85185430826118e-10,-0.00369533567316011,-2.85229867502679e-10
0.140702402269247,0.144611078277313,3.88578058618805e-16,-0.00390867600806216,-4.10782519111308e-15
0.142171377152322,0.145977578455266,1.13705544979581e-10,-0.00380620130297321,-1.13676457136336e-10
0.144203507222675,0.148500623050915,-3.99825256236497e-10,-0.00429711582805037,3.99635186054681e-10
0.141885524652919,0.145787702719469,-3.40084932437534e-10,-0.0039021780665657,3.40100697604484e-10
0.141322552285024,0.145779439136402,-2.30345936769183e-10,-0.00445688685137227,2.30340968521148e-10
0.143555737247655,0.147907776107291,-5.64933377855681e-11,-0.00435203885993021,5.67884073099378e-11
0.141614325334167,0.145722001640365,5.51853562846816e-11,-0.00410767630619027,-5.51924339564636e-11
0.144352670896191,0.148318616512621,-1.67975688913913e-10,-0.00396594561641866,1.67964420150213e-10
0.142136849524664,0.146231371446156,1.14099812931201e-10,-0.00409452192146059,-1.14131482042978e-10
0.145045462118371,0.148736663537771,1.15157716695791e-10,-0.00369120141935644,-1.1520120968278e-10
0.143651976014549,0.14785597671103,0,-0.00420400069646856,-1.30728761149612e-14
0.144914035028936,0.148906211605536,2.95331259447806e-11,-0.00399217657661086,-2.95223567814418e-11
0.14423684176235,0.148713750189363,0,-0.00447690842709039,7.77711228749922e-14
0.145427511393898,0.149364467630258,2.28512819777649e-10,-0.00393695623635509,-2.28518481915074e-10
0.141112576870798,0.144918033950218,0,-0.00380545707994559,5.2582938003809e-13
0.143783003871669,0.148645148150122,1.15449899640296e-10,-0.0048621442784767,-1.15425641267208e-10
0.145945374321945,0.149595478144781,5.69737035327478e-11,-0.00365010382280823,-5.70018754419976e-11
0.141419696552814,0.14522394213096,2.27298069255255e-10,-0.00380424557810222,-2.27341756531274e-10
0.14120241231283,0.145449534266732,1.10246728413088e-10,-0.0042471219538969,-1.10252557083967e-10
0.144021074911127,0.147687833002209,2.26399038405489e-10,-0.00366675809106523,-2.26416135840068e-10
0.143576310132734,0.147425008387361,-8.60479465458752e-11,-0.00384869825471068,8.61313520506002e-11
0.142954232486286,0.146678658483369,0,-0.00372442599694997,-1.33199007379403e-13
0.142405291278013,0.146540676629675,-5.62222768341059e-11,-0.00413538535165908,5.62195567876955e-11
0.144581695117446,0.148414284042148,5.66804103652174e-11,-0.00383258892469021,-5.66926228184883e-11
0.139994203945674,0.144286581078491,-2.08337486151677e-10,-0.00429237713281289,2.0833379466012e-10
0.143506108362549,0.148104038209587,2.13884465694036e-13,-0.00459792984698515,-2.65981681124572e-13
0.141171902043384,0.14524820906372,-5.51300671780552e-11,-0.00407630702064235,5.54362389326712e-11
0.141862323047624,0.146385539608707,2.21395596300411e-10,-0.00452321656108004,-2.21398344102397e-10
0.142270002587911,0.146041908009203,-3.91571219893194e-10,-0.00377190542126499,3.91544574540603e-10
0.142349559706111,0.146429244452953,-3.48479467504603e-10,-0.00407968474684092,3.4847752461431e-10
0.139603599012641,0.143785487818196,-4.95407159739614e-10,-0.00418188880548859,4.95340990447346e-10
0.143346500355447,0.147201331308221,-2.09471329171151e-13,-0.00385483095273198,1.66894276176777e-13
0.143643096592049,0.147502764616855,0,-0.00385966802478677,-1.85962356624714e-14
0.143993291306062,0.148266725339811,5.76191871992648e-11,-0.00427343403375283,-5.76155512188592e-11
0.145449759378153,0.149723389167437,0,-0.0042736297892762,-7.9658502016855e-15
0.145725872510033,0.149796607633382,-3.44255596251841e-10,-0.00407073512334463,3.4425123862647e-10
0.142535026553491,0.146808993983347,-1.16852472142881e-10,-0.00427396742985769,1.16853859921662e-10
0.143035526143865,0.146726178870805,2.14911421991815e-13,-0.00369065272705998,-9.4840801878604e-14
0.14433914665131,0.14836507978442,-5.56995838341123e-11,-0.00402593313310495,5.56944768081991e-11
0.142237993046007,0.146412872500324,-2.24202489906844e-10,-0.00417487945442407,2.24309348872964e-10
0.142760917080287,0.14701957099023,-2.40656577998877e-10,-0.00425865390990937,2.40622910485655e-10
0.143700075722906,0.14755341676185,5.75701708527276e-11,-0.00385334103892671,-5.75872405317313e-11
0.145117823373551,0.149312365079344,-3.44236944505028e-10,-0.00419454170580189,3.44245576489044e-10
0.14283486977186,0.146765480908316,5.57748291996063e-11,-0.0039306111364944,-5.57366375275592e-11
0.142563223880605,0.147090574503899,1.2807968574613e-10,-0.00452735062330503,-1.28068750049337e-10
0.144960383066342,0.148707462950959,-2.1544094286341e-10,-0.00374707988462439,2.15448908713611e-10
0.144155564980031,0.148124380689985,3.40028755152488e-10,-0.00396881570997937,-3.40003053489468e-10
0.143588014178086,0.147509892584371,-3.97490429460134e-10,-0.00392187840622485,3.97430560683532e-10
0.144267181005087,0.148494404706354,0,-0.00422722370125742,-9.35362898246694e-15
0.146739132126056,0.150820069520703,-2.90319629447922e-10,-0.00408093739465379,2.9032679038643e-10
0.140272140281612,0.14465520869911,1.09869863207379e-10,-0.0043830684174706,-1.09896647337848e-10
0.140825700063348,0.144731000975181,-5.63558644195439e-11,-0.00390530091182992,5.63527835506505e-11
0.141758662050438,0.145902643941168,-3.91572080316038e-10,-0.00414398189074003,3.91581655989626e-10
0.144224910667532,0.148273351640953,5.72564495815442e-11,-0.00404844097339674,-5.72809022436616e-11
0.143244733855791,0.147519399902054,0,-0.00427466604626645,2.99760216648792e-15
0.14283992972515,0.147236918009677,0,-0.00439698828455762,3.12250225675825e-14
0.141434603804223,0.145554531924546,-5.50937906407256e-11,-0.00411992812027476,5.50450518499446e-11
0.143229770277275,0.147066728804587,5.73835423622882e-11,-0.00383695852719579,-5.74994218904834e-11
0.144887704463177,0.149553181536601,4.30211422042248e-13,-0.00466547707341344,-4.4067527404934e-13
0.143106329737745,0.147416129336932,-2.86130424909103e-10,-0.00430979959914843,2.86091206280759e-10
0.140706914351465,0.14451336010933,2.16716672385431e-10,-0.00380644575791664,-2.16664741703454e-10
0.143286139034284,0.147256808401572,-1.19197124393011e-10,-0.00397066936727908,1.19187909541907e-10
0.142080879089579,0.146000651731958,0,-0.00391977264235951,-1.94844140821715e-14
0.144412519799487,0.149433011812767,-2.83157497449338e-10,-0.00502049201323809,2.83116224908397e-10
0.145063422592225,0.149308217795382,-2.28073504526805e-10,-0.00424479520306731,2.2798382626199e-10
0.14507228760679,0.149181090639707,-2.89845453194104e-10,-0.0041088030327841,2.89712864809388e-10
0.140918526255646,0.145318513986848,1.06518349696216e-10,-0.00439998773117012,-1.06549991052418e-10
0.140105123128435,0.144196978427202,-2.23168428181708e-10,-0.00409185529873612,2.23137619492775e-10
0.14302463474177,0.147469059309106,-4.66836458379305e-10,-0.00444442456740254,4.66903127271934e-10
0.142030516993884,0.146123401686126,-5.75134662117449e-11,-0.00409288469226968,5.7541332809663e-11
0.141362256081775,0.144739344195984,-2.26414026416322e-10,-0.00337708811420873,2.26414137438624e-10
0.146735194506877,0.151140450987153,5.79353232055269e-11,-0.00440525648025786,-5.79526704402866e-11
0.141878120686363,0.146029107311244,1.73716568907523e-10,-0.0041509866248943,-1.73703468275832e-10
0.14398288704314,0.147886529267899,0,-0.00390364222473275,-2.61179966543068e-14
0.142490234809506,0.146034997207109,-5.55301638005545e-11,-0.00354476239765922,5.55856471962102e-11
0.142651184695074,0.146507976662399,4.25520729763207e-13,-0.0038567919672893,-4.61020110975596e-13
0.142582338543805,0.146543097231552,2.78915862628182e-10,-0.00396075868775722,-2.78905398776175e-10
0.144216546348873,0.14872933043691,0,-0.00451278408800074,-3.70536934468646e-14
0.144754784216878,0.148798851590683,1.12802628349229e-10,-0.00404406737380072,-1.12806181062908e-10
0.145624866734902,0.149458441029013,-5.76727166023971e-10,-0.00383357429406245,5.76678482744342e-10
0.142537702545998,0.146857357113386,5.43598221991459e-11,-0.00431965456747399,-5.42738909370399e-11
0.143080573783995,0.147237704365699,1.6927062529426e-10,-0.00415713058168665,-1.69288610907259e-10
0.144343482518226,0.148126369838496,0,-0.00378288732026935,-2.77555756156289e-17
0.148273598693028,0.152102453320086,-5.77919101463209e-11,-0.00382885462706023,5.77942416146726e-11
0.141862843289679,0.146064220061495,-5.61290736111886e-11,-0.00420137677180921,5.61220236949822e-11
0.143658768530368,0.147739440088498,0,-0.00408067155808975,-4.04121180963557e-14
0.14229918395011,0.146609167054804,2.27990182288806e-10,-0.00430998310455297,-2.28130458967968e-10
0.142470608990361,0.146665393553454,1.1110590225627e-10,-0.00419478456309594,-1.11103570787918e-10
0.140995827199534,0.145049154024348,-1.09805387005224e-10,-0.00405332682477685,1.09768777400987e-10
0.143413238759163,0.147101075846891,0,-0.00368783708768675,-4.17721413015215e-14
0.144545659531279,0.148692536118102,2.13601358822757e-11,-0.00414687658674029,-2.14435968981519e-11
0.144423083895984,0.148155217360598,3.45518197386596e-10,-0.00373213346461163,-3.45520029254587e-10
0.14610835062489,0.149739581256596,4.25536272885552e-11,-0.0036312306317545,-4.25054158537108e-11
0.141509269785333,0.145679824559703,1.12678699704105e-10,-0.00417055477436118,-1.12687109643517e-10
0.143301575584343,0.148096088660097,-5.10381847895758e-10,-0.00479451307582346,5.10451708679582e-10
0.143405877589223,0.147963716473918,1.08820535915655e-10,-0.00455783888471778,-1.08797804099225e-10
0.143681644111942,0.14765901576676,0,-0.00397737165446846,-3.4910963009338e-13
0.143944617801721,0.148266782222362,2.22044604925031e-16,-0.00432216442072569,8.37108160567368e-14
0.144737096196477,0.148738562546281,0,-0.00400146634981466,1.03528297046296e-14
0.147887319651118,0.152528060316629,1.17831716606176e-10,-0.00464074066547737,-1.1786524534152e-10
0.145139179392031,0.14935894789462,5.80916981185453e-11,-0.00421976850264963,-5.80308301412202e-11
0.141869518428315,0.145985642226787,5.14658843320248e-10,-0.00411612379829623,-5.14834702647349e-10
0.141366434553706,0.145328269910567,-5.61528046283399e-11,-0.00396183535679742,5.60893553824826e-11
0.145436925305161,0.149032290121689,0,-0.00359536481651199,-1.53210777398272e-14
0.140342901961244,0.144149408173027,2.1493917756743e-13,-0.00380650621179343,-2.04558592287185e-13
0.142875214130921,0.147182614183302,0,-0.00430740005239397,1.29618538124987e-14
0.143830355765938,0.147816089157118,3.45621392616735e-10,-0.00398573339118219,-3.45618728081476e-10
0.14318371815627,0.146873888482245,-2.76577372115838e-10,-0.00369017032595456,2.76557360345819e-10
0.143195722845201,0.147703178390185,0,-0.00450745554498921,5.57887069874141e-15
0.146453240773813,0.150391734074405,-1.20346593801557e-10,-0.00393849330058119,1.2033568586034e-10
0.142234322261098,0.146298914620113,-1.62256014180073e-10,-0.00406459235897566,1.62216268195792e-10
0.143107333281915,0.147225310426466,6.1173530130354e-10,-0.00411797714462525,-6.116613604501e-10
0.145306415613496,0.14867924101036,2.39404857049763e-10,-0.00337282539687456,-2.39394642997937e-10
0.145223132806304,0.149123412483002,1.12956949349652e-10,-0.00390027967670983,-1.12945180985591e-10
0.143481376888495,0.147861580123993,0,-0.0043802032358945,3.96793709001031e-13
0.145901680079926,0.150105762770601,-2.37459191199108e-10,-0.00420408269065844,2.37442315809133e-10
0.140574239574224,0.144996138033253,5.62266899706287e-11,-0.00442189845907129,-5.6184862318176e-11
0.140752382478261,0.144650887726593,-1.11022302462516e-16,-0.00389850524834076,8.99280649946377e-15
0.141015440236385,0.145054703271086,-3.33582661493637e-10,-0.00403926303470015,3.33581773315217e-10
0.143658647276561,0.147712214327582,0,-0.00405356705102772,6.99440505513849e-15
0.145902514513726,0.15010518092667,5.90327786653688e-11,-0.00420266641297842,-5.89981952181517e-11
0.139984404925597,0.143650360022325,1.64523256129812e-10,-0.00366595509674145,-1.64510016720243e-10
0.144077028513189,0.148319272215602,-1.0247258597218e-10,-0.00424224370242496,1.0248429882509e-10
0.142578269134718,0.146551337599533,3.23198912077771e-10,-0.00397306846478729,-3.23226251319753e-10
0.14539369631637,0.149705436847015,0,-0.00431174053061681,-2.79776202205539e-14
0.142621577331348,0.146391353261699,-1.157679230257e-10,-0.00376977593036681,1.15783965748406e-10
0.144008246753394,0.148361968174278,1.1474965422309e-10,-0.00435372142090418,-1.14729253875012e-10
0.145051712456879,0.14955975867,-1.74019687548821e-10,-0.00450804621315465,1.74053160773013e-10
0.145705821844059,0.149653054025983,1.15012915857804e-10,-0.00394723218195353,-1.14982967591715e-10
0.146644461355374,0.151047450864716,-2.22211138378725e-13,-0.00440298950958107,4.61741755941603e-13
0.141742480745214,0.145660874266055,-2.80787754158851e-10,-0.00391839352082787,2.807752919054e-10
0.142687985942464,0.146780021618701,0,-0.00409203567624619,9.43689570931383e-15
0.144690600656624,0.14884832599481,-3.48314238562963e-10,-0.00415772533818462,3.48312517717275e-10
0.140633855258353,0.144347730316247,-2.78926409746916e-10,-0.00371387505785989,2.78892270388909e-10
0.143415302056779,0.147333487002118,0,-0.00391818494530252,-3.63320484808582e-14
0.142287422973642,0.14647071306075,-3.96671639979473e-10,-0.00418329008711396,3.96676719249811e-10
0.138816198060666,0.142877587491901,-2.98493091355212e-10,-0.00406138943120171,2.98459784664473e-10
0.142160407279831,0.146084113002444,2.23084634098925e-10,-0.00392370572264369,-2.23053853165567e-10
0.146761066511813,0.150322638205211,-1.16704951258484e-10,-0.00356157169346227,1.16768567037795e-10
0.145732737343563,0.149433326331595,-1.10748910042702e-10,-0.0037005889880794,1.10796011254521e-10
0.144563110550944,0.148120608420096,2.31843433340373e-10,-0.00355749786916221,-2.31833857666786e-10
0.144146685005375,0.148813562630604,2.13579154362264e-13,-0.00466687762520809,-2.34645636254527e-13
0.144233962196007,0.148660221343706,1.08908992935142e-10,-0.00442625914762582,-1.08981879076708e-10
0.143399650714193,0.147592155401044,0,-0.00419250468688387,3.27238236508265e-14
0.141624170562625,0.145164171910362,-5.65931190799063e-11,-0.00354000134774934,5.6605775622387e-11
0.144219069584365,0.148395043221944,0,-0.00417597363747696,-1.01918473660589e-13
0.145491935540158,0.150269365880802,2.83293805081186e-10,-0.00477743034065384,-2.83283257962452e-10
0.144065753532374,0.148635651433709,1.12882286851246e-10,-0.004569897901328,-1.12889642078784e-10
0.143075810089117,0.147761472768112,2.3316223951575e-10,-0.00468566267900805,-2.33149083372908e-10
0.142303753674729,0.146691960370838,-8.45792602621742e-11,-0.00438820669610701,8.45773728830324e-11
0.14433629348787,0.147960231646369,-5.53343204590107e-11,-0.00362393815847886,5.53139756220844e-11
0.141262381964167,0.14530116312805,1.71550718075508e-10,-0.00403878116376016,-1.71673258941851e-10
0.144473536405908,0.148973073216041,6.33567948105096e-10,-0.00449953681011797,-6.33583435716290e-10
0.144692714177931,0.148979892846977,0,-0.00428717866901804,-2.78110867668602e-14
0.141978993563414,0.146022118253696,-1.48412254707964e-10,-0.00404312469027282,1.48402984345708e-10
0.141314644146032,0.145507620932754,5.76352854331219e-11,-0.00419297678670705,-5.7650662022013e-11
0.144651237759976,0.148665513119647,0,-0.00401427535970056,3.01147995429574e-14
0.144060448121411,0.148224569326292,-5.73188718711037e-11,-0.00416412120509169,5.75295089344507e-11
0.143316230147354,0.14737316255109,-4.20385948274316e-13,-0.00405693240367982,3.6409764092582e-13
